IP,First Seen,Last Seen
185.137.164.167,2026-01-12 19:38:11,2026-01-12 19:38:11
194.61.41.142,2026-01-12 19:38:11,2026-01-12 19:38:11
45.129.85.40,2026-01-12 19:38:11,2026-01-12 19:38:11
185.199.157.210,2026-01-12 19:38:11,2026-01-12 19:38:11
83.219.96.198,2026-01-12 19:38:11,2026-01-12 19:38:11
45.67.97.73,2026-01-12 19:38:11,2026-01-12 19:38:11
104.164.168.140,2026-01-12 19:38:11,2026-01-12 19:38:11
23.27.18.49,2026-01-12 19:38:11,2026-01-12 19:38:11
31.217.248.220,2026-01-12 19:38:11,2026-01-12 19:38:11
45.91.23.201,2026-01-12 19:38:11,2026-01-12 19:38:11
146.70.221.214,2026-01-12 19:38:11,2026-01-12 19:38:11
191.96.146.185,2026-01-12 19:38:11,2026-01-12 19:38:11
